{
    "age": 36,
    "region": {
        "x": 387,
        "y": 117,
        "w": 405,
        "h": 405
    },
    "gender": "Man",
    "race": {
        "asian": 11.821004084228983,
        "indian": 10.152782034542318,
        "black": 2.3546957397823642,
        "white": 23.025058445327467,
        "middle eastern": 18.958295111859428,
        "latino hispanic": 33.68815676115074
    },
    "dominant_race": "latino hispanic",
    "emotion": {
        "angry": 0.0016764846164826735,
        "disgust": 4.2154651757588704e-07,
        "fear": 0.0019008891956491633,
        "happy": 99.84732863557255,
        "sad": 0.04449647308171059,
        "surprise": 2.7260639513119544e-06,
        "neutral": 0.10460123427532332
    },
    "dominant_emotion": "happy"
}